author,location,rating,reviewTitle,reviewText,reviewDate,checkIn,checkOut,stayDuration,travelerType,roomInfo,hotelResponse,hotelScores,helpfulVotes,language
Virgil,Romania,10,,"Понравилось: My family and I recently had the pleasure of staying at this wonderful apartment. The hosts were incredibly helpful, providing me with all the information I needed to make our stay enjoyable.
The apartment it was fully equipped with everything I need, making it feel like a home away from home. The beds were exceptionally comfortable, ensuring a restful night's sleep after a long day.
One of the highlights of our stay was the breakfast. It was a delightful spread that offered a wide variety of options, catering to all tastes. It was the perfect way to start our day!
Overall, our experience was fantastic, and we would definitely return in the future. Thank you to my wonderful hosts for making my stay so memorable!",2025-01-05T05:39:34.000Z,2024-12-20,2024-12-22,2 ночей,Family,Superior Apartment,Thank you very much. You are the best guests and the best people. ❤️❤️❤️❤️,Staff: 9.79315376281738; Facilities: 9.60671520233154; Cleanliness: 9.79921531677246; Comfort: 9.55255031585693; Value for money: 9.62333297729492; Location: 9.94407558441162; Free Wifi: 10,0,en
A,South Africa,9,Good value for money,Понравилось: Central location,2025-02-01T21:13:30.000Z,2025-01-29,2025-02-01,3 ночей,Family,Superior Apartment,მადლობა თქვენ❤️❤️❤️,Staff: 9.79315376281738; Facilities: 9.60671520233154; Cleanliness: 9.79921531677246; Comfort: 9.55255031585693; Value for money: 9.62333297729492; Location: 9.94407558441162; Free Wifi: 10,0,en
Virgil,Romania,10,,"Понравилось: We recently had the pleasure of staying at this wonderful apartment, and I can’t recommend it highly enough! From the moment I arrived, I was greeted with warmth and hospitality. The hosts were incredibly helpful, providing me with all the information I needed to make my stay enjoyable.
The location is the best and the apartment was fully equipped with everything I needed making it feel like a home away from home. The beds were exceptionally comfortable, ensuring a restful night's sleep after a full day 
One of the highlights of my stay was the breakfast. It was a delightful spread that offered a wide variety of options, catering to all tastes. It was the perfect way to start our day!
Overall, our experience was fantastic, and I would definitely return in the future. Thank you to my wonderful hosts for making our stay so enjoyable.",2025-01-05T05:46:06.000Z,2024-12-19,2024-12-20,1 ночей,Family,Superior Apartment,,Staff: 9.79315376281738; Facilities: 9.60671520233154; Cleanliness: 9.79921531677246; Comfort: 9.55255031585693; Value for money: 9.62333297729492; Location: 9.94407558441162; Free Wifi: 10,0,en
Rejin,United Arab Emirates,10,Pleasant and Quiet stay,Понравилось: Very well maintained in a quite location and close to a street market with affordable rates. Really like this place. If anyone planning to visit Georgia please make this place your staying location. Easy to access all the regions. The owner of the hotel is really welcoming and had a pleasant stay.,2024-11-09T19:15:21.000Z,2024-11-08,2024-11-09,1 ночей,Family,Superior Apartment,"Thank you very much. You were the best guests, good luck and we are waiting for you with your little darling children. 🥰🥰🥰🤝🤝",Staff: 9.79315376281738; Facilities: 9.60671520233154; Cleanliness: 9.79921531677246; Comfort: 9.55255031585693; Value for money: 9.62333297729492; Location: 9.94407558441162; Free Wifi: 10,0,en
Dzianis_r,Belarus,5,,"Понравилось: The location is superb, the hosts are friendly, the apartment is clean. There's family-style breakfast, which is nice. There are two bedrooms, both quiet and comfortable. It would have been perfect but for the huge plumbing problem which fortunately didn't affect the bedrooms

Не понравилось: There was a massive problem with the plumbing, the kitchen and the bathroom reeked of sewage, it was unbearable. The hosts promised to have it fixed, so hopefully their next guests would enjoy their stay more than we did",2024-11-03T18:32:51.000Z,2024-10-28,2024-10-29,1 ночей,Family,Superior Apartment,"An unforeseen incident happened. The previous guest put prohibited items in the toilet. The drain was blocked, it was not my fault, I solved the problem fortunately, I apologize for this incident. It was not my fault. I did not expect such an assessment. It can happen to everyone. Thank you. For such a bad rating. This composition is very bad. Good luck. ",Staff: 9.79315376281738; Facilities: 9.60671520233154; Cleanliness: 9.79921531677246; Comfort: 9.55255031585693; Value for money: 9.62333297729492; Location: 9.94407558441162; Free Wifi: 10,0,xu
Anna,Netherlands,10,,"Понравилось: Fabulous location, very friendly host, spotlessly clean. Really enjoyed our stay! Thanks very much!",2024-10-17T09:03:26.000Z,2024-10-10,2024-10-11,1 ночей,Group,Superior Apartment,Thank you very much. I am very glad to meet you good people ❤️❤️❤️🙏🙏,Staff: 9.79315376281738; Facilities: 9.60671520233154; Cleanliness: 9.79921531677246; Comfort: 9.55255031585693; Value for money: 9.62333297729492; Location: 9.94407558441162; Free Wifi: 10,0,en
Mareli,United Kingdom,10,"Beautiful, clean and a delicious breakfast!","Понравилось: Everything we needed and more! 
Right next to the monastery, the property is spotless and friendly. 
Our host was charming, gifting us with local sweets and wine. 
The breakfast was wonderful, served with great care. 
I can’t rate it high enough.",2024-10-16T17:07:40.000Z,2024-10-15,2024-10-16,1 ночей,Group,Superior Apartment,"Thank you very much for such a good rating. I want to say that you were the best, funny and beautiful guests. We are waiting for you with much love. Thank you very much for such a good evaluation. I want to say that you were the best, funny and beautiful guests. We are waiting for you with much love. 🙏🙏🙏❤️❤️",Staff: 9.79315376281738; Facilities: 9.60671520233154; Cleanliness: 9.79921531677246; Comfort: 9.55255031585693; Value for money: 9.62333297729492; Location: 9.94407558441162; Free Wifi: 10,0,en
Laura,South Africa,9,,"Понравилось: The location in Mtskheta is great to explore on foot. The host was friendly and communication great. We had a comfortable stay.

Не понравилось: Nothing.",2024-10-08T08:27:45.000Z,2024-10-02,2024-10-03,1 ночей,Family,Superior Apartment,მადლობა თქვენ რომ მესტუმრეთ.❤️❤️🙏🙏,Staff: 9.79315376281738; Facilities: 9.60671520233154; Cleanliness: 9.79921531677246; Comfort: 9.55255031585693; Value for money: 9.62333297729492; Location: 9.94407558441162; Free Wifi: 10,0,en
Marcin,Poland,8,The apartment in strict city center. Highly recommended!,"Понравилось: The apartment is located in a strict city centre and it provides a parking place nearby. Despite the location, it was no problem with noise coming from the street - we could relax and sleep well. The host was very helpful and answered all our questions. We got served very tasty breakfast. We recommend this place in Mccheta.",2024-10-02T19:00:02.000Z,2024-08-17,2024-08-18,1 ночей,Family,Superior Apartment,,Staff: 9.79315376281738; Facilities: 9.60671520233154; Cleanliness: 9.79921531677246; Comfort: 9.55255031585693; Value for money: 9.62333297729492; Location: 9.94407558441162; Free Wifi: 10,0,en
An,Vietnam,10,,"Понравилось: Good location, nice breakfast, clean and comfortable

Не понравилось: Host very friendly and helpful",2024-09-27T17:46:26.000Z,2024-09-26,2024-09-27,1 ночей,Group,Superior Apartment,Thank you very much for visiting me 🙏🙏❤️❤️,Staff: 9.79315376281738; Facilities: 9.60671520233154; Cleanliness: 9.79921531677246; Comfort: 9.55255031585693; Value for money: 9.62333297729492; Location: 9.94407558441162; Free Wifi: 10,1,xu
Tiffany,United States,9,Excellent stay in Mtskheta; looking forward to the next time!,"Понравилось: Great size and spacious apartment. The bathroom was very clean and the water hot. The a/c worked great! We had everything we needed for a comfortable stay. I loved the privacy of the courtyard. The location was absolutely perfect. The hostess was very nice, and she made us feel very welcome. Upon check-in, we were offered breakfast for an additional fee, which was great. We’ve already recommended this guesthouse to our friends.

Не понравилось: There was no tv and just a bit noisy overhead, but thankfully, it was quiet throughout the night, so it wasn’t a problem when sleeping.",2024-09-04T13:31:34.000Z,2024-08-30,2024-08-31,1 ночей,Family,Superior Apartment,❤️❤️❤️,Staff: 9.79315376281738; Facilities: 9.60671520233154; Cleanliness: 9.79921531677246; Comfort: 9.55255031585693; Value for money: 9.62333297729492; Location: 9.94407558441162; Free Wifi: 10,0,xu
Erica,United States,9,Lovely apt in center of Mtskheta,"Понравилось: The location is perfect if you want to stay in Mtskheta. Very nice little apartment with all you need for a short stay, and most of what you might need for a longer one. Laundry, small kitchen, fridge, AC, and room for 3 or maybe 4 to sleep (I think the couch pulls out), but there were only 2 of us. The bed is not the most comfortable I've slept in, but it was fine for a night. Street parking was no problem, once we figured out getting into the old city area. Good value for this lodging.

Не понравилось: The apt itself is great. The reason I'm deducting a star is that the communication was less than ideal. The hosts were very friendly and helpful, but didn't speak English, which would be fine if I had been given more info up front, like being sent an info email or message the day before arrival. We were in touch prior, and they responded promptly, but info was left out which would've been helpful beforehand considering i did tell them in advance we had no phone service in Georgia. 

For example, they said to use a map to find the place, which left out the important info that we'd need a remote control to get into the old city, so we drove to 3 gates before figuring out that one of us would wait by the car and the other would walk in. Then I couldn't find anyone at the building, nor figure out how to open the front gate, and had to ask a nearby vendor to help me call. When someone arrived, he was very nice, but the language barrier was a bit of an issue for me to ask questions; to get wifi, how to park, etc. Eventually, he put me on the phone with someone else who spoke good English, and everything got sorted, but it definitely took us an extra 30-45 min to check in after all this. 

Long story short, I would indeed recommend this place, and would stay again, however I also recommend confirming all info beforehand.",2024-08-30T21:24:29.000Z,2024-08-25,2024-08-26,1 ночей,Couple,Superior Apartment,,Staff: 9.79315376281738; Facilities: 9.60671520233154; Cleanliness: 9.79921531677246; Comfort: 9.55255031585693; Value for money: 9.62333297729492; Location: 9.94407558441162; Free Wifi: 10,0,xu
Nicolas,Belgium,9,,Понравилось: Great location,2024-08-03T17:52:20.000Z,2024-08-02,2024-08-03,1 ночей,Family,Superior Apartment,მადლობა თქვენ🙏🙏,Staff: 9.79315376281738; Facilities: 9.60671520233154; Cleanliness: 9.79921531677246; Comfort: 9.55255031585693; Value for money: 9.62333297729492; Location: 9.94407558441162; Free Wifi: 10,0,en
Peter,France,8,"Just wonderful, but a few small things could be improved","Понравилось: The location is wonderful. While you are right in the middle of the town, there is no problem with noise. Waking up in the morning and walking out to that absolutely beautiful cathedral with the swallows flying everywhere, the shops opening up...just amazing, a wonderful experience. It was also nice to have good air conditioning.
The manager is very nice and communication was easy.
Suggestion: Reserve a table by the water at Ada Café for dinner

Не понравилось: The apartment is slightly below ground so there is not much natural light and the WIFI is not super (which is why it may not be great for someone on business). 
It is a shame that there is no table to eat, just a low coffee table in the living room. I would suggest replacing the sofa at the entry which is not very useful with a table and a few chairs. 
The bed was too soft and flimsy for our liking, but that is personal. 
Finally, driving into the town with the barriers is not easy. I probably should have looked closer at other comments. There is no code to enter at the barrier where we arrived. You have to find a place to park, and then get the remote control from the manager. Luckily we did find a way despite Google Maps not being able to figure out the location (right at the main T intersection).",2024-07-17T06:53:59.000Z,2024-07-13,2024-07-15,2 ночей,Couple,Superior Apartment,"კომფორტი ყველასთვის არის ინდივიდუალური,მთავარია აღვიქვათ😍მადლობა შეფასებისთვის.🤝",Staff: 9.79315376281738; Facilities: 9.60671520233154; Cleanliness: 9.79921531677246; Comfort: 9.55255031585693; Value for money: 9.62333297729492; Location: 9.94407558441162; Free Wifi: 10,0,en
Philippe,France,9,A quiet and comfortable stay in Mtskheta,"Понравилось: Very warm welcome from the owner who was very kind and helpful. The apartment is well furnished and very comfortable, right next to Mtskheta cathedral and nearby restaurants. The Georgian breakfast we've been served  in the inner yard  was tasty and copious.
A great place to stay overnight or even longer.",2024-06-25T17:47:37.000Z,2024-06-24,2024-06-25,1 ночей,Family,Superior Apartment,მადლობა თქვენ ასეთი კარგი შეფასებისთვის. ყველას ვუსურვებ თქვენისთანა საუკეთესო სტუმრე.🙏🙏🙏❤️❤️,Staff: 9.79315376281738; Facilities: 9.60671520233154; Cleanliness: 9.79921531677246; Comfort: 9.55255031585693; Value for money: 9.62333297729492; Location: 9.94407558441162; Free Wifi: 10,0,xu
Anna,Czech Republic,10,,"Понравилось: Great location,great host, free parking in front of the house in the city centre, great place to explore the surroundings and Tbilisi. There is everything you can  possibly need. I'm",2024-05-10T05:56:14.000Z,2024-05-07,2024-05-09,2 ночей,Couple,Superior Apartment,Thank you. The best guests. I wish to always have good people like you 👍🏻👍🏻👍🏻👍🏻thanks ,Staff: 9.79315376281738; Facilities: 9.60671520233154; Cleanliness: 9.79921531677246; Comfort: 9.55255031585693; Value for money: 9.62333297729492; Location: 9.94407558441162; Free Wifi: 10,0,en
Kei2003,Hong Kong,10,,"Понравилось: Friendly host, perfect location and large space. Bereka is definitely one of the best options, if you decide to stay overnight in Mtskheta for the beautiful sunrise there.

Не понравилось: Can't figure out any",2023-07-26T11:24:35.000Z,2023-06-28,2023-06-29,1 ночей,Solo traveler,Superior Apartment,thank you very much ,Staff: 9.79315376281738; Facilities: 9.60671520233154; Cleanliness: 9.79921531677246; Comfort: 9.55255031585693; Value for money: 9.62333297729492; Location: 9.94407558441162; Free Wifi: 10,0,xu
Ekaterina,Turkey,10,Our second stay,"Понравилось: This is our second stay at Bereka hotel. As expected it was wonderful again. We came very tired from a long trip and had the best rest we could wish for two days. We are happy to have found this cozy place in Mtsheta. Warm room, comfortable beds, hot water, perfect cleanliness, good kitchen equipment. Wish to stay longer the next time. :)",2023-02-21T07:55:02.000Z,2023-02-18,2023-02-20,2 ночей,Family,Superior Apartment,დიდი მადლობა🙏🙏❤️❤️❤️,Staff: 9.79315376281738; Facilities: 9.60671520233154; Cleanliness: 9.79921531677246; Comfort: 9.55255031585693; Value for money: 9.62333297729492; Location: 9.94407558441162; Free Wifi: 10,0,en
Zhirong,China,10,perfect,"Понравилось: everything location service… very kindling and support I stay 4 days

Не понравилось: no",2023-02-11T09:48:41.000Z,2023-02-07,2023-02-08,1 ночей,Solo traveler,Superior Apartment,Thank you. The best and good person. I wish everyone such a good guest,Staff: 9.79315376281738; Facilities: 9.60671520233154; Cleanliness: 9.79921531677246; Comfort: 9.55255031585693; Value for money: 9.62333297729492; Location: 9.94407558441162; Free Wifi: 10,0,en
Ekaterina,Turkey,10,,"Понравилось: Absolutely love this place! Very comfortable and clean hotel. We stayed here in the end of November, the weather was chilly but the rooms were extremely warm and relaxing. If you are looking for a definitely warm hotel in winter don't miss it. There are 2 single beds in the bedroom and two sofas in the living room (one of them also becomes a comfortable single bed). The bathroom is spacious and clean. The separate small kitchen allows you to cook simple meals.
The owner is an extremely lovely person, who has offered us homemade wine (absolutely fabulous) and traditional georgian sweets.
We hope to visit this hotel again.",2022-12-03T18:26:37.000Z,2022-11-30,2022-12-01,1 ночей,Family,Superior Apartment,"Thank you for such an evaluation. They were the best guests. I wish you to visit again.. I wish everyone such good, clean, orderly guests.❤️❤️🙏🙏",Staff: 9.79315376281738; Facilities: 9.60671520233154; Cleanliness: 9.79921531677246; Comfort: 9.55255031585693; Value for money: 9.62333297729492; Location: 9.94407558441162; Free Wifi: 10,0,en
Kian,United Arab Emirates,10,,"Понравилось: Whole apartment is Great and warming feel at home 🏠🏡
*Big living hall and kitchen
*Good.. Good 👍 👍",2022-11-29T15:22:30.000Z,2022-11-17,2022-11-18,1 ночей,Family,Superior Apartment,ძალიან კარგი ადამიანები👍👍,Staff: 9.79315376281738; Facilities: 9.60671520233154; Cleanliness: 9.79921531677246; Comfort: 9.55255031585693; Value for money: 9.62333297729492; Location: 9.94407558441162; Free Wifi: 10,0,xu
Kian,United Arab Emirates,10,Very good apartment,"Понравилось: Big room with kitchen and living hall

Не понравилось: None",2022-11-20T10:19:58.000Z,2022-11-18,2022-11-19,1 ночей,Family,Superior Apartment,,Staff: 9.79315376281738; Facilities: 9.60671520233154; Cleanliness: 9.79921531677246; Comfort: 9.55255031585693; Value for money: 9.62333297729492; Location: 9.94407558441162; Free Wifi: 10,0,xu
Kira,Russia,10,,"Понравилось: Felt like home, all of the needed facilities are here: AC, wifi, washing machine, tv, kettle, plates, pots, stove, microwave, fridge.  I stayed for 4 weeks and cant complain about anything.
To get to Tbilisi, Didube you catch a bus for 2 Lari, it goes with 15 min interval. Didube is a metro station so from there you can get where you need.",2022-08-17T15:02:28.000Z,2022-07-31,2022-08-13,13 ночей,Solo traveler,Superior Apartment,"ყველაზე საუკეთესო ადამიანი ვინც ოდესმე მინახავს.მოწესრიგებული,თავაზიანი და სუფთა გოგონა.ყველას ვუსურვებ ასეთ ადამიანს მის სასტუმროში",Staff: 9.79315376281738; Facilities: 9.60671520233154; Cleanliness: 9.79921531677246; Comfort: 9.55255031585693; Value for money: 9.62333297729492; Location: 9.94407558441162; Free Wifi: 10,0,xu
Ramesh,India,10,,"Понравилось: Very nice inviting by the owner. Nice treatment.

Не понравилось: Nothing",2022-04-16T13:25:38.000Z,2022-04-10,2022-04-12,2 ночей,Family,Superior Apartment,მადლობა🙏🙏🙏🙏თქვენ იყავით ძალიან კარგი სტუმრები.ყველას ვისურვებ თქვენისთანა ადამიანებსს,Staff: 9.79315376281738; Facilities: 9.60671520233154; Cleanliness: 9.79921531677246; Comfort: 9.55255031585693; Value for money: 9.62333297729492; Location: 9.94407558441162; Free Wifi: 10,2,xu
Anna,Russia,10,,"Понравилось: Очень приветливая хозяйка, отличное расположение, комфортный и удобный номер. С удовольствием вернемся при случае",2025-01-16T06:52:55.000Z,2025-01-09,2025-01-10,1 ночей,Group,Superior Apartment,დიდი მადლობა🙏,Staff: 9.79315376281738; Facilities: 9.60671520233154; Cleanliness: 9.79921531677246; Comfort: 9.55255031585693; Value for money: 9.62333297729492; Location: 9.94407558441162; Free Wifi: 10,0,ru
Naoto,Japan,8,,"Понравилось: ・ホテルでなく民泊だが、2部屋ある大きな部屋だった。台所も簡易ではなく普通のもの。暖房もオイルヒーター3つで洗濯もしやすい（洗濯機があるのは助かる、ただバスルームのオイルヒーターは弱くて寒く感じる人はいるだろう）。
・朝食は自分の部屋にもってきてくれるか、ホストファミリーの家で食べるか、まあまあの内容。
・旧市街部分の中心の通り沿いなので、そういう楽しみはある。

Не понравилось: ・現金でしか払えない。",2025-01-08T17:05:17.000Z,2025-01-06,2025-01-08,2 ночей,Solo traveler,Superior Apartment,"7,5 ფასში რომ დამიწერეთ,ორი ღამეე საუზმით 60 კვადრატ აპარტამენტში არ მეკუთვნოდა.მადლობა.",Staff: 9.79315376281738; Facilities: 9.60671520233154; Cleanliness: 9.79921531677246; Comfort: 9.55255031585693; Value for money: 9.62333297729492; Location: 9.94407558441162; Free Wifi: 10,0,ja
Philipp,Russia,10,,"Понравилось: Очень уютный и хорошо продуманный дом. Есть всё, что нужно. В декабре было тепло. Приветливые хозяева. Вкусный завтрак.",2024-12-13T11:53:19.000Z,2024-12-08,2024-12-10,2 ночей,Couple,Superior Apartment,დიდი მადლობა თქვენ🙏,Staff: 9.79315376281738; Facilities: 9.60671520233154; Cleanliness: 9.79921531677246; Comfort: 9.55255031585693; Value for money: 9.62333297729492; Location: 9.94407558441162; Free Wifi: 10,0,ru
Viktoriia,Russia,10,Очень теплое место,"Понравилось: Местоположение в самом сердце Мцхеты, апартаменты очень чистые, постельное белье свежее, уютно как у себя дома. На кухне есть все, принадлежностей для готовки и посуды хватит на семью с детьми. Качественное отопление. Чистый приятный душ без запахов. И самое главное, хозяйка очень гостеприимная и добрая, завтраки были вкусные, большие и каждый день разные, я как будто в гостях у родственников побывала. Желаю вам здоровья и большой удачи 💖",2024-12-06T05:15:34.000Z,2024-12-02,2024-12-05,3 ночей,Family,Superior Apartment,"დიდი მადლობა თქვენ,საუკეთესო სტუმრობისათვის,ყველაფერი ისეე დატოვეთ და მოუარეთ როგორც საკუთარ სახლს.სულ ვისურვებდი თქვენისთანა კარგ და მოწესრიგებულ სტუმრებს.მართლა ოჯახივით მიგეჩვიეთ.საუკეთესო შვილები გყავთ და საუკეთესო წყვილი ხართ.მადლობა ყველაფრისათვის.ბევრი წაემატება თქვენს ლამაზ ოჯახს.❤️❤️❤️სულ გამიხარდება თქვენი სტუმრობა❤️❤️",Staff: 9.79315376281738; Facilities: 9.60671520233154; Cleanliness: 9.79921531677246; Comfort: 9.55255031585693; Value for money: 9.62333297729492; Location: 9.94407558441162; Free Wifi: 10,0,ru
Maryann,Russia,10,,"Понравилось: включен вкусный завтрак , чисто , уютно , хорошая хозяйка, удобная кровать .",2024-11-17T15:33:46.000Z,2024-11-10,2024-11-11,1 ночей,Group,Superior Apartment,მადლობა თქვენ🙏🙏,Staff: 9.79315376281738; Facilities: 9.60671520233154; Cleanliness: 9.79921531677246; Comfort: 9.55255031585693; Value for money: 9.62333297729492; Location: 9.94407558441162; Free Wifi: 10,0,ru
Patrickvdk,Netherlands,10,,"Понравилось: Schoon, netjes, midden in het centrum maar toch rustig, voldoende ruimte, lieve gastvrouw.",2024-10-29T07:49:00.000Z,2024-10-25,2024-10-26,1 ночей,Family,Superior Apartment,Thank you very much. 🙏🙏🙏❤️❤️❤️,Staff: 9.79315376281738; Facilities: 9.60671520233154; Cleanliness: 9.79921531677246; Comfort: 9.55255031585693; Value for money: 9.62333297729492; Location: 9.94407558441162; Free Wifi: 10,0,nl
Anastasia,Russia,10,"Теперь оставаться будем только у вас, очень понравилось, спасибо","Понравилось: Все понравилось, соответствует описанию и фото. Чисто, удобные кровати, тишина, центр города, радушные хозяева

Не понравилось: Такого нет",2024-10-12T06:15:53.000Z,2024-10-11,2024-10-12,1 ночей,Family,Superior Apartment,დიდი მადლობა თქვენ❤️❤️🙏🙏საუკეთესო სტუმრები.,Staff: 9.79315376281738; Facilities: 9.60671520233154; Cleanliness: 9.79921531677246; Comfort: 9.55255031585693; Value for money: 9.62333297729492; Location: 9.94407558441162; Free Wifi: 10,0,ru
Konstantin,Russia,10,Ехали транзитом в сторону Турции. Идеальное место убить двух зайцев : ночевка и осмотр Мцхеты.,"Понравилось: Две спальни. Чистота просто идеальная. Новые матрасы, подушки, полотенца. Все свежее . Очень заботливые хозяйки, очень приятные женщины. До входа в Светицховели - 60 метров. Территория под шлагбаумом, все очень безопасно.",2024-10-06T16:10:11.000Z,2024-10-03,2024-10-04,1 ночей,Group,Superior Apartment,"მადლობა ძალიან დიდი,🙏🙏🙏🙏ძალიან კარგი ადამიანები",Staff: 9.79315376281738; Facilities: 9.60671520233154; Cleanliness: 9.79921531677246; Comfort: 9.55255031585693; Value for money: 9.62333297729492; Location: 9.94407558441162; Free Wifi: 10,0,ru
Кormilina,Ukraine,10,,"Понравилось: Все понравилось , хозяйка Додо супер! Все было прекрасно, придраться совершено не к чему! Спасибо большое !",2024-10-06T12:16:05.000Z,2024-09-28,2024-09-29,1 ночей,Group,Superior Apartment,საუკეთესო ადამიანებიი ხართ თქვენ.მადლობა❤️❤️❤️❤️,Staff: 9.79315376281738; Facilities: 9.60671520233154; Cleanliness: 9.79921531677246; Comfort: 9.55255031585693; Value for money: 9.62333297729492; Location: 9.94407558441162; Free Wifi: 10,0,ru
Jose,Spain,10,¡Perfecta estancia!.,"Понравилось: Todo el alojamiento genial: tranquilo, céntrico, amplio, menaje completo y sobre todo el desayuno extraordinario. También hacer mención especial a la chica que nos atendió el dia 19 por la mañana, que fue muy agradable, simpática y con muchas ganas de ayudar, asi que un reconocimiento especial para ella.",2024-09-27T16:55:33.000Z,2024-09-18,2024-09-19,1 ночей,Couple,Superior Apartment,მადლობა ძალიან დიდი თქვენ.🙏🙏🙏🙏❤️❤️❤️❤️,Staff: 9.79315376281738; Facilities: 9.60671520233154; Cleanliness: 9.79921531677246; Comfort: 9.55255031585693; Value for money: 9.62333297729492; Location: 9.94407558441162; Free Wifi: 10,0,es
Nikolay,Russia,10,,"Понравилось: Самый центр Мцхеты. Парковка на улице, приехали поздно, место было. Все соответствует описанию. Вкусный домашний завтрак (яичница, каша, салат, чай, кофе, сыр, масло, мед, варенье..). Ну и самое главное отличные хозяева. Спасибо за ваш приём, теплоту и улыбки!

Не понравилось: Ну может пару крючков в ванной.",2024-09-22T20:01:20.000Z,2024-09-21,2024-09-22,1 ночей,Couple,Superior Apartment,"მადლობა თქვენ რომ დაინახეთ ჩვენი კეთილგანწყობა,თქვენც ძალიან კარგი სტუმრები იყავით.გელოდებით ისევ🥰",Staff: 9.79315376281738; Facilities: 9.60671520233154; Cleanliness: 9.79921531677246; Comfort: 9.55255031585693; Value for money: 9.62333297729492; Location: 9.94407558441162; Free Wifi: 10,0,ru
Alexveya,Switzerland,9,,"Понравилось: L'accès directe en voiture n'est pas possible, il faut demander la clé. Après, il est possible de parquet très près.
La situation au centre est incroyable!",2024-09-11T11:07:32.000Z,2024-08-06,2024-08-07,1 ночей,Family,Superior Apartment,მანქანით წვდომა შესაძლებელია.არის ცენტრალური გზა.უბრალოდ ჩვენი ქუჩაა იზოლირებული.პერსონალს რა დაუწუნეთ ასეე დაბალი ქულით რომ შეაფასეთ?ან რა დაგხვდათ უსუფთაო?უბრალოდ საწყენია და ძალიან ცუდია ეს დამოკიდებულება.მადლობა წარმატებები🥰,Staff: 9.79315376281738; Facilities: 9.60671520233154; Cleanliness: 9.79921531677246; Comfort: 9.55255031585693; Value for money: 9.62333297729492; Location: 9.94407558441162; Free Wifi: 10,0,fr
Ivana,Czech Republic,10,,"Понравилось: Krasne místo v centru vedle katedrály, v noci klid, pohodlný, velký, cisty apartman, výborná snidane a velmi milá paní majitelka

Не понравилось: Nic",2024-09-08T17:26:05.000Z,2024-09-07,2024-09-08,1 ночей,Couple,Superior Apartment,Thank you very much. Better guests. ,Staff: 9.79315376281738; Facilities: 9.60671520233154; Cleanliness: 9.79921531677246; Comfort: 9.55255031585693; Value for money: 9.62333297729492; Location: 9.94407558441162; Free Wifi: 10,0,cs
Marina,Russia,10,,"Понравилось: Все супер, гостеприимство на 100 баллов",2024-09-07T06:06:45.000Z,2024-07-08,2024-07-09,1 ночей,Family,Superior Apartment,მადლობა თქვენ🥰,Staff: 9.79315376281738; Facilities: 9.60671520233154; Cleanliness: 9.79921531677246; Comfort: 9.55255031585693; Value for money: 9.62333297729492; Location: 9.94407558441162; Free Wifi: 10,0,ru
Alessio,Italy,9,,"Понравилось: Struttura in pienissimo centro, molto ampio come appartamento e abbastanza silenzioso. Colazione buona e abbondante.

Не понравилось: Il letto è veramente piccolo (una piazza e mezza). Un po' difficile da trovare per la mancanza di indicazioni.",2024-08-22T11:51:17.000Z,2024-08-11,2024-08-12,1 ночей,Couple,Superior Apartment,,Staff: 9.79315376281738; Facilities: 9.60671520233154; Cleanliness: 9.79921531677246; Comfort: 9.55255031585693; Value for money: 9.62333297729492; Location: 9.94407558441162; Free Wifi: 10,0,it
Elena,Russia,10,,"Понравилось: понравилось все! отличное место, все очень чисто, аккуратно и уютно! спасибо большое хозяйке ♥️",2024-08-17T16:37:05.000Z,2024-08-16,2024-08-17,1 ночей,Group,Superior Apartment,ძალიან დიდი მადლობა თქვენ.❤️❤️,Staff: 9.79315376281738; Facilities: 9.60671520233154; Cleanliness: 9.79921531677246; Comfort: 9.55255031585693; Value for money: 9.62333297729492; Location: 9.94407558441162; Free Wifi: 10,0,ru
Alla,Russia,10,,"Понравилось: Большое спасибо за гостеприимство, нам понравилось все без исключения!
Идеальная чистота, отличное месторасположение в самом центре, уютные и комфортные апартаменты, радушная хозяйка, прекрасный завтрак. Есть парковка.
С удовольствием остановимся здесь еще, наилучшие рекомендации!",2024-08-12T09:28:15.000Z,2024-08-10,2024-08-11,1 ночей,Family,Superior Apartment,დიდი მადლობა თქვენ🙏🙏🙏❤️❤️,Staff: 9.79315376281738; Facilities: 9.60671520233154; Cleanliness: 9.79921531677246; Comfort: 9.55255031585693; Value for money: 9.62333297729492; Location: 9.94407558441162; Free Wifi: 10,0,ru
Nina,Russia,9,,Понравилось: Просторный чистый апартамент в историческом центре Мцхета. Лояльная и доброжелательная хозяйка,2024-08-05T07:49:07.000Z,2024-07-27,2024-07-28,1 ночей,Family,Superior Apartment,მადლობა თქვენ❤️❤️❤️,Staff: 9.79315376281738; Facilities: 9.60671520233154; Cleanliness: 9.79921531677246; Comfort: 9.55255031585693; Value for money: 9.62333297729492; Location: 9.94407558441162; Free Wifi: 10,0,ru
Petr,Czech Republic,9,,"Понравилось: Krásný, útulný menší apartmán přímo v centru Mcchety. Blízko místní památky i restaurace. Skvělá snídaně. Milá majitelka.",2024-08-04T10:02:34.000Z,2024-07-17,2024-07-18,1 ночей,Family,Superior Apartment,მადლობა🙏❤️,Staff: 9.79315376281738; Facilities: 9.60671520233154; Cleanliness: 9.79921531677246; Comfort: 9.55255031585693; Value for money: 9.62333297729492; Location: 9.94407558441162; Free Wifi: 10,0,cs
Mikhail,Cyprus,9,,"Понравилось: Маленький отель - может быть, с одним номером, максимум - с двумя - тремя. Расположение просто идеальное - прямо за крепостной ценой монастыря Светицховели. Своей парковки у отеля нет, но мы без проблем припарковались на улице. Радушный хозяин. Завтрак - за дополнительную плату, но очень скромную, причем еды было очень много.",2024-07-12T21:34:13.000Z,2024-06-25,2024-06-26,1 ночей,Family,Superior Apartment,,Staff: 9.79315376281738; Facilities: 9.60671520233154; Cleanliness: 9.79921531677246; Comfort: 9.55255031585693; Value for money: 9.62333297729492; Location: 9.94407558441162; Free Wifi: 10,0,ru
Ewelina,Poland,10,,"Понравилось: Świetna lokalizacja w samym centrum miasta. Apartament czysty, zadbany, w pełni wyposażony. Wszystko jak na zdjęciach. Polecam",2024-07-12T17:21:14.000Z,2024-07-11,2024-07-12,1 ночей,Family,Superior Apartment,მადლობა თქვენ🫰🫰❤️❤️🙏🙏,Staff: 9.79315376281738; Facilities: 9.60671520233154; Cleanliness: 9.79921531677246; Comfort: 9.55255031585693; Value for money: 9.62333297729492; Location: 9.94407558441162; Free Wifi: 10,0,pl
Volker,Germany,10,Nette Unterkunft mitten in der Altstadt,"Понравилось: Zentrale Lage
Sauberkeit
Freundlichkeit

Не понравилось: Es ist nicht ganz einfach, die Unterkunft mit dem Auto zu erreichen, da die Zufahrt in die Altstadt eingeschränkt ist. Das sollte man erklären. 
Einmal angekommen kann man vor der Tür parken.",2024-06-15T17:20:04.000Z,2024-06-14,2024-06-15,1 ночей,Couple,Superior Apartment,მადლობა თქვენ❤️❤️,Staff: 9.79315376281738; Facilities: 9.60671520233154; Cleanliness: 9.79921531677246; Comfort: 9.55255031585693; Value for money: 9.62333297729492; Location: 9.94407558441162; Free Wifi: 10,0,de
Артём,Armenia,10,,"Понравилось: Ехали семьёй проездом из Армении в Россию, решили остановиться на один день в Грузии. Выбрали Мцхету и не пожалели. Уникальное место, где можно насладиться и природой, и историческими достопримечательностям, и вкусной едой, и истинным кавказским гостеприимством. Большая благодарность хозяевам дома, который находится в самом центре исторической достопримечательности Мцхеты. В номере всё очень чисто, уютно и продумано до мелочей. Всем рекомендуем это место, этот дом и этих гостеприимных хозяев",2024-06-15T06:08:59.000Z,2024-06-08,2024-06-09,1 ночей,Family,Superior Apartment,"მადლობა თქვენ.საუკეთესო ადამიანები ხართ,ყოველთვის ვისურვებდი თქვენისთანა სტუმრებს.მოწესრიგებულები,თბილები და საუკეთესო პიროვნებები ხარ.100 ქულა ჩემგან🙏🙏🙏❤️❤️",Staff: 9.79315376281738; Facilities: 9.60671520233154; Cleanliness: 9.79921531677246; Comfort: 9.55255031585693; Value for money: 9.62333297729492; Location: 9.94407558441162; Free Wifi: 10,0,ru
Иванов,Russia,10,,"Понравилось: Хорошо, чисто. Хорошая, позитивная хозяйка. Оставила вино в подарок. Так же было кофе и чай. Рядом церковь и торговля сувенирами.

Не понравилось: Всё было хорошо",2024-05-22T09:08:49.000Z,2024-05-21,2024-05-22,1 ночей,Family,Superior Apartment,მადლობა თქვენ🙏🙏,Staff: 9.79315376281738; Facilities: 9.60671520233154; Cleanliness: 9.79921531677246; Comfort: 9.55255031585693; Value for money: 9.62333297729492; Location: 9.94407558441162; Free Wifi: 10,0,ru
Mykhailo,Georgia,7,,"Понравилось: Не первый раз останавливаюсь в этой локации . Раньше было лучше

Не понравилось: Приехал с сестрой , почему то была только одна кровать с постельным . Мне пришлось спать на диване одетым . Было достаточно холодно. Я понимаю май , но помещение цокольное и можно было его прогреть немного. В прошлые разы , когда приезжал были небольшие вкусняшки к чаю , было тепло и застелено два отдельных спальных места и очень душевно . Почему всего этого не было в этот раз не знаю , но из списка предложений в Мцехете этот вариант был дороже раза в два , чем другие похожие . Выбирал опять же не из цены , а потому что было тут уютно и комфортно , как дома , но не в этот раз",2024-05-19T17:09:01.000Z,2024-05-18,2024-05-19,1 ночей,Family,Superior Apartment,"არ ველოდი ასეთ შეფასებას,თქვენ შეგეძლოთ გეთქვათ დამატებითი საწოლის გაშლა,ჩემთან მოვიდა ჯავშანი ორ ადამიანზე და შესაბამისად მითითებულია 2 საწოლიანი ტახტი.რაც შეეხევა სიცივეს,სითბოსთვის არის კონდიციონერი და შეგეძლოთ ჩაგერთოთ.მე მაინც წარმატებებს გისურვებთ.მადლობა ამ უარყოფითი კომენტარისთვის.",Staff: 9.79315376281738; Facilities: 9.60671520233154; Cleanliness: 9.79921531677246; Comfort: 9.55255031585693; Value for money: 9.62333297729492; Location: 9.94407558441162; Free Wifi: 10,0,ru
Olga,Russia,10,Прекрасно,"Понравилось: Лучшее местоположение нельзя придумать, просто идеально)
Чисто, комфотно, есть абсолютно все, что нужно, очень милая хозяйка.Однозначно рекомендуем",2023-09-28T16:08:52.000Z,2023-09-26,2023-09-28,2 ночей,Group,Superior Apartment,Спасибо за оценку.Самые лучшие дамы.Спасибо. ❤️❤️❤️🙏🙏,Staff: 9.79315376281738; Facilities: 9.60671520233154; Cleanliness: 9.79921531677246; Comfort: 9.55255031585693; Value for money: 9.62333297729492; Location: 9.94407558441162; Free Wifi: 10,1,ru
Ekaterina,Austria,10,Отличное жилье в центре Мцхеты,"Понравилось: Расположение отличное, в самом центре Мцхеты, напротив собора Светицховели. Это часть двухэтажного дома, с отдельным входом и маленьким двориком, где можно посидеть. Жилье прекрасное, чисто, всё необходимое есть. Ночевали 1 ночь, ничем не успели воспользоваться, но впечатления остались самые приятные. Встречали с бутылочкой домашнего вина, это было очень приятно после долгой дороги. Чисто. Есть все ванные принадлежности вплоть до одноразовых тапочек. Рекомендую, цена соответствует месту, даже занижена, на мой взгляд

Не понравилось: Были сложности с заездом: приехали примерно с 21, в это время город будто вымер, вывески нет, хозяев не было, блудили кругами, было страшновато остаться без жилья ночью ещё и без связи, местных денег (только заехали в страну). Но потом прохожий позвал откуда-то хозяев и все разрешилось. Больше минусов не было, все понравилось",2023-09-22T15:37:42.000Z,2023-08-25,2023-08-26,1 ночей,Family,Superior Apartment,thank you ,Staff: 9.79315376281738; Facilities: 9.60671520233154; Cleanliness: 9.79921531677246; Comfort: 9.55255031585693; Value for money: 9.62333297729492; Location: 9.94407558441162; Free Wifi: 10,0,ru
Nuflo,Spain,10,Situación inmejorables,"Понравилось: La situación inmejorable, es un apartamento entero, la propietaria es un encanto y te dejan una botellita de vino casero!! Las camas sonuy cómodas y tienes una cocina equipada para lo que necesites. Garmajoba!

Не понравилось: La verdad es que no hay nada que no me haya gustado!",2023-09-21T17:43:03.000Z,2023-09-20,2023-09-21,1 ночей,Couple,Superior Apartment,thank you very much 🙏🙏🙏🙏,Staff: 9.79315376281738; Facilities: 9.60671520233154; Cleanliness: 9.79921531677246; Comfort: 9.55255031585693; Value for money: 9.62333297729492; Location: 9.94407558441162; Free Wifi: 10,1,es
Stepan,Russia,10,,"Понравилось: Отличные апартаменты, все есть. Очень чисто и уютно. Находятся прямо в центре рядом с достопримечательностями.",2023-09-04T09:01:42.000Z,2023-08-30,2023-09-03,4 ночей,Family,Superior Apartment,большое спасибо 🙏🙏🙏🥰🥰,Staff: 9.79315376281738; Facilities: 9.60671520233154; Cleanliness: 9.79921531677246; Comfort: 9.55255031585693; Value for money: 9.62333297729492; Location: 9.94407558441162; Free Wifi: 10,0,ru
Alejandro,Spain,10,"Para repetir, espectacular todo","Понравилось: Es difícil destacar algo en concreto porque la experiencia en general fue maravillosa, empezando por la localización del alojamiento (justo en el centro) como por el propio piso en general que dispone hasta de lavadora y tendedero por si se quiere lavar ropa. El desayuno fue espectacular y estuvo preparado justo a la hora que nosotros quisimos

Не понравилось: Nada, todo perfecto",2023-09-04T07:51:20.000Z,2023-08-12,2023-08-13,1 ночей,Couple,Superior Apartment,Thank you very much 🙏🙏🥰🥰,Staff: 9.79315376281738; Facilities: 9.60671520233154; Cleanliness: 9.79921531677246; Comfort: 9.55255031585693; Value for money: 9.62333297729492; Location: 9.94407558441162; Free Wifi: 10,2,es
Власова,Ukraine,10,,"Понравилось: Огромное спасибо за гостеприимство, уют и тёплую встречу) Нам очень понравилось, красивые, комфортные, просторные апартаменты) Есть все необходимое и даже больше)  Хочется здесь остаться! Обязательно приедем еще) Процветания Вам и всего наилучшего!",2023-08-23T14:37:21.000Z,2023-08-22,2023-08-23,1 ночей,Family,Superior Apartment,"Спасибо Вам большое за такой комментарий.Самая лучшая семья,порядочная,культурная и очень дружная.Ждём Вас. ",Staff: 9.79315376281738; Facilities: 9.60671520233154; Cleanliness: 9.79921531677246; Comfort: 9.55255031585693; Value for money: 9.62333297729492; Location: 9.94407558441162; Free Wifi: 10,1,ru
Evgeniya,Georgia,10,,"Понравилось: Расположение, уют, хозяйка, чистота. Всё отлично.

Не понравилось: Всё понравилось",2023-08-22T13:55:50.000Z,2023-08-15,2023-08-16,1 ночей,Family,Superior Apartment,Они были очень хорошими гостями. ,Staff: 9.79315376281738; Facilities: 9.60671520233154; Cleanliness: 9.79921531677246; Comfort: 9.55255031585693; Value for money: 9.62333297729492; Location: 9.94407558441162; Free Wifi: 10,0,ru
Любовь,Russia,10,очень все понравилось.Отличный отель,Понравилось: Очень приятная хозяйка.Чистота и порядок.,2023-08-07T14:11:04.000Z,2023-08-04,2023-08-05,1 ночей,Family,Superior Apartment,Спасибо вам огромное вы самые лучшие люди ,Staff: 9.79315376281738; Facilities: 9.60671520233154; Cleanliness: 9.79921531677246; Comfort: 9.55255031585693; Value for money: 9.62333297729492; Location: 9.94407558441162; Free Wifi: 10,2,ru
Alexei,Uzbekistan,10,,"Понравилось: Отличные апартаменты, все необходимое есть: посуда, плита, чай, кофе, сахар и т.д., за исключением микроволновки. Замечательная, отзывчивая хозяйка, угостила вином и арбузом в качестве комплимента, что очень приятно. Есть внутренний дворик со столом, где можно поесть. Спасибо, если ещё раз окажемся в Мцхете будем рады остановиться в этом доме.

Не понравилось: Минусов нет",2023-08-03T18:20:18.000Z,2023-08-01,2023-08-03,2 ночей,Family,Superior Apartment,Спасибо.Порядочные и спокойные гости.Всем желаю таких гостей ,Staff: 9.79315376281738; Facilities: 9.60671520233154; Cleanliness: 9.79921531677246; Comfort: 9.55255031585693; Value for money: 9.62333297729492; Location: 9.94407558441162; Free Wifi: 10,0,ru
Natalya,Russia,5,"Все хорошо,  небыло горячей воды,и микроволновки.",Не понравилось: Отсутствие горячей воды,2023-07-27T19:46:53.000Z,2023-07-25,2023-07-26,1 ночей,Group,Superior Apartment,"Во всей Мцете отключили газ и не было горячей воды, из-за этого я не заслужил низкой оценки .დაუნახავები ხართ.",Staff: 9.79315376281738; Facilities: 9.60671520233154; Cleanliness: 9.79921531677246; Comfort: 9.55255031585693; Value for money: 9.62333297729492; Location: 9.94407558441162; Free Wifi: 10,0,ru
Нана,Armenia,9,,"Понравилось: Месторасположение отличное
Очень приветливый персонал, с чистотой дружат. Заехали ночью, нас дождались, встретили, разместили, в комнатах было холодно, быстро подключили отопление, комнаты быстро прогрелись. Утром увидела на столе домашнее вино, хотела купить, а подруга хозяйки (временно заменяла) взяла и подарила. Маленький частный домик с необходимыми условиями / удобствами  - заезжай и живи)))))

Не понравилось: Меня до этого уверяли, что с животными у них не проживали. А в отзывах после прочитала, что там пребывали другие посетители вместе с животными - это естественно, меня огорчило, тк, для нас из соображений безопасности из-за здоровья ребенка, принципиально пребывание там, где не допустимо пребывание животных.",2023-07-20T22:15:45.000Z,2023-05-27,2023-05-28,1 ночей,Family,Superior Apartment,I am very interested in where you can find better comfort for 108 GEL. 🤷‍♀️🤷‍♀️🤷‍♀️🤷‍♀️,Staff: 9.79315376281738; Facilities: 9.60671520233154; Cleanliness: 9.79921531677246; Comfort: 9.55255031585693; Value for money: 9.62333297729492; Location: 9.94407558441162; Free Wifi: 10,0,ru
Mykhailo,Georgia,10,,Понравилось: Сууууперрр. Останавливаюсь уже третий раз. Все нравится . Рекомендую,2023-06-29T06:54:32.000Z,2023-06-27,2023-06-28,1 ночей,Family,Superior Apartment,thank you very much 🙏🙏🙏,Staff: 9.79315376281738; Facilities: 9.60671520233154; Cleanliness: 9.79921531677246; Comfort: 9.55255031585693; Value for money: 9.62333297729492; Location: 9.94407558441162; Free Wifi: 10,0,ru
Junwon,Egypt,10,그냥 예약하세요.,"Понравилось: 가격 대비 최고였습니다. 조식 포함 3인 97.5 라리.
조식도 원하는 시간대에 매일 다른 메뉴. 웰컴 드링크까지 훌륭합니다.

Не понравилось: 낮에 좌판 때문에 숙소 대문 찾기가 조금 까다로운데, 사진에 나오는 벽 등 찾으면 됩니다.",2023-06-27T13:24:22.000Z,2023-06-24,2023-06-26,2 ночей,Family,Superior Apartment,Best guests. Thank you 🙏🙏🙏👍🏻👍🏻,Staff: 9.79315376281738; Facilities: 9.60671520233154; Cleanliness: 9.79921531677246; Comfort: 9.55255031585693; Value for money: 9.62333297729492; Location: 9.94407558441162; Free Wifi: 10,0,ko
Dongam,South Korea,10,,"Понравилось: 방, 샤워실, 주방이 깨끗하고 좋았음.

Не понравилось: 없음",2023-04-01T10:09:11.000Z,2023-03-29,2023-03-30,1 ночей,Family,Superior Apartment,thank you ,Staff: 9.79315376281738; Facilities: 9.60671520233154; Cleanliness: 9.79921531677246; Comfort: 9.55255031585693; Value for money: 9.62333297729492; Location: 9.94407558441162; Free Wifi: 10,0,ko
მიკხაილო,Georgia,10,,"Понравилось: საუკეთესო ადგილი საქართველოში, მყუდრო სახლი და შესანიშნავი მასპინძლებია.",2023-03-22T05:51:22.000Z,2023-03-20,2023-03-21,1 ночей,Family,Superior Apartment,დიდი მადლობა.თქვენ ხართ საუკეთესოები,Staff: 9.79315376281738; Facilities: 9.60671520233154; Cleanliness: 9.79921531677246; Comfort: 9.55255031585693; Value for money: 9.62333297729492; Location: 9.94407558441162; Free Wifi: 10,0,ru
მიკხაილო,Georgia,10,,"Понравилось: Встретили в 00.00 часов. У нас получилось позднее заселение,но такую теплоту можно встретить только в Грузии и не всегда.
Мцхета вообще имеет свою энергетику. Очень люблю это место. Спасибо ,что нас приняли у себя в гостях. 
Домик чистый и уютный. У стен Светицховели (да простят меня все,если неправильно написал ). В домике есть все.,от тапочек до зубной щётки. Ощущение уюта и родного дома. Все продумано до мелочей, тепло,кровати удобные. Идеально. Ещё раз спасибо, низкий поклон хозяевам, которые приняли нас.",2023-03-11T17:15:48.000Z,2023-03-10,2023-03-11,1 ночей,Family,Superior Apartment,"მადლობა თქვენ ასეთი შეფასებისთვის.🙏🙏ვისურვებ თქვნისთანა კარგ,ზრდილობიან და მოწესრიგებულ სტუმრებს.ასევე ვუსურვებ ქართულ ტურისტუს ბაზარს თქვენისთანა საუკეთესო სტუმრების ყოლას.წარმატებები თქვენ და კიდევ ერთხელ დიდი მადლობა თქვენ ლამაზ ოჯახს🙏🙏🙏🙏🙏🙏",Staff: 9.79315376281738; Facilities: 9.60671520233154; Cleanliness: 9.79921531677246; Comfort: 9.55255031585693; Value for money: 9.62333297729492; Location: 9.94407558441162; Free Wifi: 10,0,ru
George,Russia,10,,"Понравилось: Понравилось радужное гостеприимство хозяев. Хозяева быстро встретили, просили писать, если что-то понадобится. Утром быстро приготовили завтрак, хотя я решил заказать завтрак только утром и заранее хозяйку не предупреждал. Само место находится в центре в двух минутах ходьбы от храма Светицховели. В самом жилье есть интернет и работают две батареи.

Рекомендую 👍",2023-02-05T15:34:57.000Z,2023-02-03,2023-02-04,1 ночей,Solo traveler,Superior Apartment,მადლობა თქვენ.ძალინ კარგი და ზრდილობიანი ადამიანი.ყველას ვუსურვებ ასეთ სტუმარს👍👍👍👍,Staff: 9.79315376281738; Facilities: 9.60671520233154; Cleanliness: 9.79921531677246; Comfort: 9.55255031585693; Value for money: 9.62333297729492; Location: 9.94407558441162; Free Wifi: 10,0,ru
Anton,Israel,10,,"Понравилось: Это лучшее место в Мцхете, прямо в старом городе, посреди роскошных видов и церквей. Катались по реке, невероятно уютно и красиво вокруг. В жилье отлично спится и очень радушные хозяева, большое спасибо",2023-01-22T22:47:58.000Z,2023-01-19,2023-01-22,3 ночей,Couple,Superior Apartment,Самая лучшая и спокойная пара.Всем желаю таких гостей.Много плюсов от меня этим необыкновенным людям.,Staff: 9.79315376281738; Facilities: 9.60671520233154; Cleanliness: 9.79921531677246; Comfort: 9.55255031585693; Value for money: 9.62333297729492; Location: 9.94407558441162; Free Wifi: 10,0,ru
Aleksei,Russia,10,,"Понравилось: Отличное расположение - в самом центре. Доброжелательная хозяйка. В аппартаментах есть все необходимое. Отдельный вход. Немного прохладно было при заезде, но комнаты быстро прогрелись.

Не понравилось: Сложно найти - проезд под шлагбаум, но звонок хозяйке быстро решает проблему.",2023-01-11T16:11:00.000Z,2022-12-31,2023-01-01,1 ночей,Group,Superior Apartment,,Staff: 9.79315376281738; Facilities: 9.60671520233154; Cleanliness: 9.79921531677246; Comfort: 9.55255031585693; Value for money: 9.62333297729492; Location: 9.94407558441162; Free Wifi: 10,0,ru
Alexandr,Russia,10,,"Понравилось: Прекрасное расположение вблизи достопримечательностей. Пришлось правда, поискать немного  ( навигатор как всегда искал кратчайший путь). Въезд на территорию через шлагбаум , который открывается дистанционно после звонка владельцу. Стоянку нашли без проблем. Аппартаменты полностью соответствуют фото, очень удобно и уютно. Спасибо большое владельцам за создание прекрасных домашних условий. Всё продумано до мелочей! Чай, кофе, вода, стиральный порошок - вообщем , все для комфортного проживания.  Ребята очень милые, готовые помочь при необходимости.  Очень надеюсь, что ещё не раз смогу побывать в доме этих замечательных и гостеприимных людей!",2022-10-31T17:29:59.000Z,2022-10-30,2022-10-31,1 ночей,Family,Superior Apartment,"მადლობა თქვენ.კარგი,თავაზიანი და თბილი ადამიანები ხართ.ყველას ვუსურვებ თქვენნაირ სტუმრებს.🙏🙏",Staff: 9.79315376281738; Facilities: 9.60671520233154; Cleanliness: 9.79921531677246; Comfort: 9.55255031585693; Value for money: 9.62333297729492; Location: 9.94407558441162; Free Wifi: 10,1,ru
Sergey,Russia,8,,"Понравилось: Месторасположение, цена/качество, персонал

Не понравилось: -",2022-09-26T11:26:40.000Z,2022-09-21,2022-09-22,1 ночей,Family,Superior Apartment,желаю чтоб всегда находили гостиницу по вашему вкусу,Staff: 9.79315376281738; Facilities: 9.60671520233154; Cleanliness: 9.79921531677246; Comfort: 9.55255031585693; Value for money: 9.62333297729492; Location: 9.94407558441162; Free Wifi: 10,0,ru
Thor,Netherlands,9,Prima plek!,"Понравилось: Eenvoudige maar fijne en ruime overnachtingsplek. Heel centraal gelegen. De auto kan vlakbij worden geparkeerd.

Не понравилось: Het was wat lastig om te vinden in het donker, een klein bordje met Bereka op de poort zou fijn zijn.",2022-08-17T11:20:39.000Z,2022-07-23,2022-07-24,1 ночей,Couple,Superior Apartment,,Staff: 9.79315376281738; Facilities: 9.60671520233154; Cleanliness: 9.79921531677246; Comfort: 9.55255031585693; Value for money: 9.62333297729492; Location: 9.94407558441162; Free Wifi: 10,0,nl
Dmitry,Georgia,10,,"Понравилось: Самый центр мцхеты напротив Светицховели. 
Во дворе при нас поставили сезонный детский бассейн.

Квартира была укомплектована отлично - нам даже не пришлось просить ничего за время пребывания

Во дворе есть ласковая собака.

Не понравилось: Диван в зале неудобный для сна взрослого человека. (Но на этот случай есть ещё два спальных места)",2022-07-30T07:03:42.000Z,2022-07-27,2022-07-29,2 ночей,Family,Superior Apartment,"მადლობა თქვენ.სუფთა,სასიამოვნო და ზრდილობიანი სტუმრები იყავით🙏🙏ყველას ვუსურვებ თქვენისთანა ადამიანებს",Staff: 9.79315376281738; Facilities: 9.60671520233154; Cleanliness: 9.79921531677246; Comfort: 9.55255031585693; Value for money: 9.62333297729492; Location: 9.94407558441162; Free Wifi: 10,0,ru
Sergey,Georgia,10,,Понравилось: Хозяева очень гостепримные. Нас пустили с немецкой овчаркой и котом.,2022-07-28T05:28:53.000Z,2022-07-16,2022-07-17,1 ночей,Family,Superior Apartment,მადლობა🙏🙏,Staff: 9.79315376281738; Facilities: 9.60671520233154; Cleanliness: 9.79921531677246; Comfort: 9.55255031585693; Value for money: 9.62333297729492; Location: 9.94407558441162; Free Wifi: 10,1,ru
Kristina,Russia,9,,"Понравилось: Очень доброжелательная хозяйка. Удобства как в отеле. Есть доступ в интернет, хотя в объявлении это не указано.",2022-07-06T17:02:30.000Z,2022-07-03,2022-07-05,2 ночей,Solo traveler,Superior Apartment,მადლობა.მოწესრიგებული და კარგი ადამიანი,Staff: 9.79315376281738; Facilities: 9.60671520233154; Cleanliness: 9.79921531677246; Comfort: 9.55255031585693; Value for money: 9.62333297729492; Location: 9.94407558441162; Free Wifi: 10,1,ru
Mikalai,Belarus,10,"Большое спасибо за гостеприимство, внимание и заботу! Мы отлично отдохнули.","Понравилось: Очень комфортное место. Хозяйка заботливая и гостеприимная. Когда мы приехали, нас ждали фрукты, печенье и вино. Чистые и просторные апартаменты, красивый милый интерьер, выглядит даже лучше, чем на фото. Есть обустроенный дворик, где можно отдохнуть и выпить кофе. Кстати, хозяйка варит его очень вкусно!",2022-06-19T19:30:53.000Z,2022-06-05,2022-06-12,7 ночей,Solo traveler,Superior Apartment,საუკეთესო სტუმრები🙏🙏ყველას ვუსურვებ ასეთ ადამიანების სტუმრობას.,Staff: 9.79315376281738; Facilities: 9.60671520233154; Cleanliness: 9.79921531677246; Comfort: 9.55255031585693; Value for money: 9.62333297729492; Location: 9.94407558441162; Free Wifi: 10,1,ru
Datashvili,Georgia,10,,,2025-02-17T08:55:19.000Z,2025-02-15,2025-02-17,2 ночей,Solo traveler,Superior Apartment,,Staff: 9.79315376281738; Facilities: 9.60671520233154; Cleanliness: 9.79921531677246; Comfort: 9.55255031585693; Value for money: 9.62333297729492; Location: 9.94407558441162; Free Wifi: 10,0,en
Gocha,Greece,10,,,2025-01-05T10:38:50.000Z,2024-12-12,2024-12-15,3 ночей,Family,Superior Apartment,,Staff: 9.79315376281738; Facilities: 9.60671520233154; Cleanliness: 9.79921531677246; Comfort: 9.55255031585693; Value for money: 9.62333297729492; Location: 9.94407558441162; Free Wifi: 10,0,en
Sawai,Thailand,10,,,2024-11-17T10:34:48.000Z,2024-11-13,2024-11-14,1 ночей,Couple,Superior Apartment,,Staff: 9.79315376281738; Facilities: 9.60671520233154; Cleanliness: 9.79921531677246; Comfort: 9.55255031585693; Value for money: 9.62333297729492; Location: 9.94407558441162; Free Wifi: 10,0,xu
Mariam,Georgia,10,,,2024-11-10T17:00:54.000Z,2024-11-09,2024-11-10,1 ночей,Group,Superior Apartment,,Staff: 9.79315376281738; Facilities: 9.60671520233154; Cleanliness: 9.79921531677246; Comfort: 9.55255031585693; Value for money: 9.62333297729492; Location: 9.94407558441162; Free Wifi: 10,0,en
Avinash,Kuwait,10,,,2024-08-14T05:27:54.000Z,2024-08-12,2024-08-13,1 ночей,Family,Superior Apartment,,Staff: 9.79315376281738; Facilities: 9.60671520233154; Cleanliness: 9.79921531677246; Comfort: 9.55255031585693; Value for money: 9.62333297729492; Location: 9.94407558441162; Free Wifi: 10,0,xu
Anna,United Kingdom,9,,,2024-07-31T17:07:38.000Z,2024-07-30,2024-07-31,1 ночей,Family,Superior Apartment,,Staff: 9.79315376281738; Facilities: 9.60671520233154; Cleanliness: 9.79921531677246; Comfort: 9.55255031585693; Value for money: 9.62333297729492; Location: 9.94407558441162; Free Wifi: 10,0,en
Toma,Georgia,10,,,2023-10-17T08:49:01.000Z,2023-10-14,2023-10-15,1 ночей,Couple,Superior Apartment,,Staff: 9.79315376281738; Facilities: 9.60671520233154; Cleanliness: 9.79921531677246; Comfort: 9.55255031585693; Value for money: 9.62333297729492; Location: 9.94407558441162; Free Wifi: 10,0,xu
Khatskevich,Armenia,10,,,2023-07-28T14:42:17.000Z,2023-07-26,2023-07-27,1 ночей,Family,Superior Apartment,,Staff: 9.79315376281738; Facilities: 9.60671520233154; Cleanliness: 9.79921531677246; Comfort: 9.55255031585693; Value for money: 9.62333297729492; Location: 9.94407558441162; Free Wifi: 10,0,xu
Iana,Russia,10,,,2025-03-08T11:53:01.000Z,2025-02-28,2025-03-01,1 ночей,Family,Superior Apartment,,Staff: 9.79315376281738; Facilities: 9.60671520233154; Cleanliness: 9.79921531677246; Comfort: 9.55255031585693; Value for money: 9.62333297729492; Location: 9.94407558441162; Free Wifi: 10,0,ru
Irakli,Georgia,10,,,2025-02-15T06:45:42.000Z,2025-02-14,2025-02-15,1 ночей,Couple,Superior Apartment,,Staff: 9.79315376281738; Facilities: 9.60671520233154; Cleanliness: 9.79921531677246; Comfort: 9.55255031585693; Value for money: 9.62333297729492; Location: 9.94407558441162; Free Wifi: 10,0,ru
Gevork,Georgia,10,,,2025-01-11T17:02:08.000Z,2024-12-30,2025-01-03,4 ночей,Group,Superior Apartment,,Staff: 9.79315376281738; Facilities: 9.60671520233154; Cleanliness: 9.79921531677246; Comfort: 9.55255031585693; Value for money: 9.62333297729492; Location: 9.94407558441162; Free Wifi: 10,0,ru
Markéta,Czech Republic,9,,,2024-09-25T17:08:38.000Z,2024-09-24,2024-09-25,1 ночей,Family,Superior Apartment,,Staff: 9.79315376281738; Facilities: 9.60671520233154; Cleanliness: 9.79921531677246; Comfort: 9.55255031585693; Value for money: 9.62333297729492; Location: 9.94407558441162; Free Wifi: 10,0,cs
Sergey,Russia,10,,,2024-09-17T11:22:42.000Z,2024-09-11,2024-09-12,1 ночей,Family,Superior Apartment,,Staff: 9.79315376281738; Facilities: 9.60671520233154; Cleanliness: 9.79921531677246; Comfort: 9.55255031585693; Value for money: 9.62333297729492; Location: 9.94407558441162; Free Wifi: 10,0,ru
Robert,Germany,10,,,2024-08-06T15:30:42.000Z,2024-08-01,2024-08-02,1 ночей,Family,Superior Apartment,,Staff: 9.79315376281738; Facilities: 9.60671520233154; Cleanliness: 9.79921531677246; Comfort: 9.55255031585693; Value for money: 9.62333297729492; Location: 9.94407558441162; Free Wifi: 10,0,de
Nicolas,France,10,,,2024-04-26T18:02:09.000Z,2024-04-25,2024-04-26,1 ночей,Family,Superior Apartment,,Staff: 9.79315376281738; Facilities: 9.60671520233154; Cleanliness: 9.79921531677246; Comfort: 9.55255031585693; Value for money: 9.62333297729492; Location: 9.94407558441162; Free Wifi: 10,0,fr
Rick,Netherlands,10,,,2023-09-26T17:58:52.000Z,2023-09-25,2023-09-26,1 ночей,Couple,Superior Apartment,,Staff: 9.79315376281738; Facilities: 9.60671520233154; Cleanliness: 9.79921531677246; Comfort: 9.55255031585693; Value for money: 9.62333297729492; Location: 9.94407558441162; Free Wifi: 10,0,nl
Matthias,Germany,10,,,2023-07-28T07:43:49.000Z,2023-07-11,2023-07-12,1 ночей,Couple,Superior Apartment,,Staff: 9.79315376281738; Facilities: 9.60671520233154; Cleanliness: 9.79921531677246; Comfort: 9.55255031585693; Value for money: 9.62333297729492; Location: 9.94407558441162; Free Wifi: 10,0,de
Bernd,Poland,10,,,2023-05-08T05:04:09.000Z,2023-05-06,2023-05-07,1 ночей,Family,Superior Apartment,,Staff: 9.79315376281738; Facilities: 9.60671520233154; Cleanliness: 9.79921531677246; Comfort: 9.55255031585693; Value for money: 9.62333297729492; Location: 9.94407558441162; Free Wifi: 10,0,de
Tzvi,Israel,10,,,2022-12-09T08:39:24.000Z,2022-12-06,2022-12-07,1 ночей,Group,Superior Apartment,,Staff: 9.79315376281738; Facilities: 9.60671520233154; Cleanliness: 9.79921531677246; Comfort: 9.55255031585693; Value for money: 9.62333297729492; Location: 9.94407558441162; Free Wifi: 10,0,he
Дмитрий,Russia,10,,,2022-11-17T17:04:19.000Z,2022-10-31,2022-11-17,17 ночей,Group,Superior Apartment,,Staff: 9.79315376281738; Facilities: 9.60671520233154; Cleanliness: 9.79921531677246; Comfort: 9.55255031585693; Value for money: 9.62333297729492; Location: 9.94407558441162; Free Wifi: 10,0,ru
Yauhen,Belarus,10,,,2022-10-09T17:00:12.000Z,2022-09-29,2022-09-30,1 ночей,Family,Superior Apartment,,Staff: 9.79315376281738; Facilities: 9.60671520233154; Cleanliness: 9.79921531677246; Comfort: 9.55255031585693; Value for money: 9.62333297729492; Location: 9.94407558441162; Free Wifi: 10,0,ru
Maxim,Russia,10,,,2022-10-01T13:00:53.000Z,2022-09-03,2022-09-04,1 ночей,Solo traveler,Superior Apartment,,Staff: 9.79315376281738; Facilities: 9.60671520233154; Cleanliness: 9.79921531677246; Comfort: 9.55255031585693; Value for money: 9.62333297729492; Location: 9.94407558441162; Free Wifi: 10,0,ru
Aleksandra,Poland,10,,,2022-09-29T12:02:41.000Z,2022-09-28,2022-09-29,1 ночей,Family,Superior Apartment,,Staff: 9.79315376281738; Facilities: 9.60671520233154; Cleanliness: 9.79921531677246; Comfort: 9.55255031585693; Value for money: 9.62333297729492; Location: 9.94407558441162; Free Wifi: 10,0,pl
Sergey,Georgia,10,,,2022-07-28T05:29:28.000Z,2022-07-13,2022-07-16,3 ночей,Family,Superior Apartment,,Staff: 9.79315376281738; Facilities: 9.60671520233154; Cleanliness: 9.79921531677246; Comfort: 9.55255031585693; Value for money: 9.62333297729492; Location: 9.94407558441162; Free Wifi: 10,0,ru
Cavid,Georgia,6,,,2022-07-24T19:04:54.000Z,2022-06-23,2022-06-24,1 ночей,Couple,Superior Apartment,,Staff: 9.79315376281738; Facilities: 9.60671520233154; Cleanliness: 9.79921531677246; Comfort: 9.55255031585693; Value for money: 9.62333297729492; Location: 9.94407558441162; Free Wifi: 10,0,tr
Mikalai,Belarus,10,"Так понравилось, что решили продлить проживание :)",,2022-06-19T19:40:50.000Z,2022-06-12,2022-06-16,4 ночей,Solo traveler,Superior Apartment,სუფთა და მოწესრიგებული სტუმრები.🙏🙏,Staff: 9.79315376281738; Facilities: 9.60671520233154; Cleanliness: 9.79921531677246; Comfort: 9.55255031585693; Value for money: 9.62333297729492; Location: 9.94407558441162; Free Wifi: 10,0,ru
Cavid,Georgia,10,,,2022-05-27T15:37:20.000Z,2022-05-26,2022-05-27,1 ночей,Family,Superior Apartment,,Staff: 9.79315376281738; Facilities: 9.60671520233154; Cleanliness: 9.79921531677246; Comfort: 9.55255031585693; Value for money: 9.62333297729492; Location: 9.94407558441162; Free Wifi: 10,0,tr